companyname,skills Required,informationn
,,
"
IvanInfotechPvt.Ltd.

","

rest,python,security,debugging

",https://www.timesjobs.com/job-detail/python-developer-ivan-infotech-pvt-ltd-kolkata-2-to-5-yrs-jobid-1h6sLaqbaBZzpSvf__PLUS__uAgZw==&source=srp
,,
"
eastindiasecuritiesltd.

","
python,hadoop,machinelearning

",https://www.timesjobs.com/job-detail/python-engineer-east-india-securities-ltd-kolkata-2-to-5-yrs-jobid-KEkE19WqPbFzpSvf__PLUS__uAgZw==&source=srp
,,
"
eastindiasecuritiesltd.

","
python,hadoop,machinelearning

",https://www.timesjobs.com/job-detail/python-engineer-east-india-securities-ltd-kolkata-2-to-5-yrs-jobid-KEkE19WqPbFzpSvf__PLUS__uAgZw==&source=srp
,,
"
eastindiasecuritiesltd.

","
python,hadoop,machinelearning

",https://www.timesjobs.com/job-detail/python-engineer-east-india-securities-ltd-kolkata-2-to-5-yrs-jobid-KEkE19WqPbFzpSvf__PLUS__uAgZw==&source=srp
,,
"
arttechnologyandsoftwareindiapvtltd

","

rest,python,database,django,api

",https://www.timesjobs.com/job-detail/python-developer-art-technology-and-software-india-pvt-ltd-cochin-kochi-ernakulam-2-to-3-yrs-jobid-M26lxDEd__PLUS__qtzpSvf__PLUS__uAgZw==&source=srp
,,
"
youngmindstechnologysolutionspvtltd

","
python,html5,storage,javascript,security,django

",https://www.timesjobs.com/job-detail/python-developer-young-minds-technology-solutions-pvt-ltd-tirupati-0-to-3-yrs-jobid-NDA__SLASH__WwOTUCFzpSvf__PLUS__uAgZw==&source=srp
,,
"
day1technologies

","

rest,python,django,git,postgresql,sql,docker

",https://www.timesjobs.com/job-detail/python-developer-day1-technologies-bengaluru-bangalore-2-to-3-yrs-jobid-wnkkahyN0x9zpSvf__PLUS__uAgZw==&source=srp
,,
"
DREAMAJAXTECHNOLOGIES

","
python,django,api,sql,nosql

",https://www.timesjobs.com/job-detail/python-developer-dreamajax-technologies-bengaluru-bangalore-4-to-7-yrs-jobid-EWIVCDzRLKBzpSvf__PLUS__uAgZw==&source=srp
,,
"
xoniertechnologiespvtltd

","
python,django,testingtools,debugging,storage

",https://www.timesjobs.com/job-detail/python-developer-xonier-technologies-pvt-ltd-noida-greater-noida-2-to-5-yrs-jobid-VZ3nXzqL2FNzpSvf__PLUS__uAgZw==&source=srp
,,
"
destinyhrgroupservices

","

fundamentals,python,css,javascript,jquery,database,django,java,json,html

",https://www.timesjobs.com/job-detail/python-developer-destiny-hr-group-services-gurgaon-0-to-1-yrs-jobid-ZBPXkQ5iEPBzpSvf__PLUS__uAgZw==&source=srp
,,
"
zoondiasoftwarepvtltd

","

rest,python,problemsolving,sql,django,mysql,mvc,middleware

",https://www.timesjobs.com/job-detail/python-developer-zoondia-software-pvt-ltd-calicut-kozhikode-thiruvananthapuram-2-to-4-yrs-jobid-TzDwtM7EOgFzpSvf__PLUS__uAgZw==&source=srp
,,
"
zoondiasoftwarepvtltd

","

rest,python,problemsolving,sql,django,mysql,mvc,middleware

",https://www.timesjobs.com/job-detail/python-developer-zoondia-software-pvt-ltd-calicut-kozhikode-thiruvananthapuram-2-to-4-yrs-jobid-TzDwtM7EOgFzpSvf__PLUS__uAgZw==&source=srp
,,
"
zoondiasoftwarepvtltd

","

rest,python,problemsolving,sql,django,mysql,mvc,middleware

",https://www.timesjobs.com/job-detail/python-developer-zoondia-software-pvt-ltd-calicut-kozhikode-thiruvananthapuram-2-to-4-yrs-jobid-TzDwtM7EOgFzpSvf__PLUS__uAgZw==&source=srp
,,
"
zoondiasoftwarepvtltd

","

rest,python,problemsolving,sql,django,mysql,mvc,middleware

",https://www.timesjobs.com/job-detail/python-developer-zoondia-software-pvt-ltd-calicut-kozhikode-thiruvananthapuram-2-to-4-yrs-jobid-TzDwtM7EOgFzpSvf__PLUS__uAgZw==&source=srp
,,
"
CIGNEXDatamaticsTechnologiesPvtLtd

","
python,sql,django,postgresql,writtencommunication,api,angularjs

",https://www.timesjobs.com/job-detail/python-developer-cignex-datamatics-technologies-pvt-ltd-bengaluru-bangalore-3-to-5-yrs-jobid-tqMdlJMDwsFzpSvf__PLUS__uAgZw==&source=srp
,,
"
SourcedeskGlobalPrivateLimited

","

html5,storage,python,javascript,django,infrastructure

",https://www.timesjobs.com/job-detail/python-developer-sourcedesk-global-private-limited-kolkata-3-to-15-yrs-jobid-A27Uf03p2IJzpSvf__PLUS__uAgZw==&source=srp
,,
"
TECHNOPARKTRIVANDRUM

","
python,django,restapi,sql,javascript,git,svn

",https://www.timesjobs.com/job-detail/python-developer-technopark-trivandrum-cochin-kochi-ernakulam-3-to-6-yrs-jobid-yxYJ54XosKBzpSvf__PLUS__uAgZw==&source=srp
,,
"
InnOvatorWebSolutionsPvt.Ltd.

","

rest,python,django,webdeveloper,mysql,api

",https://www.timesjobs.com/job-detail/python-developer-innovator-web-solutions-pvt-ltd-mumbai-5-to-8-yrs-jobid-OO__SLASH__Qb2Q7MfpzpSvf__PLUS__uAgZw==&source=srp
,,
"
pearlglobalsolutions

","
python,database,django,teamplayer,sql

",https://www.timesjobs.com/job-detail/python-developer-pearl-global-solutions-cochin-kochi-ernakulam-4-to-7-yrs-jobid-dZD__SLASH__NDlCjpVzpSvf__PLUS__uAgZw==&source=srp
,,
"
AxisTechnolabs

","
python,django,itskills,html5,api,jquery

",https://www.timesjobs.com/job-detail/python-odoo-axistechnolabs-ahmedabad-0-to-1-yrs-jobid-HzL8naalyxFzpSvf__PLUS__uAgZw==&source=srp
,,
"
AxisTechnolabs

","
python,django,itskills,html5,api,jquery

",https://www.timesjobs.com/job-detail/python-odoo-axistechnolabs-ahmedabad-0-to-1-yrs-jobid-HzL8naalyxFzpSvf__PLUS__uAgZw==&source=srp
,,
"
AxisTechnolabs

","
python,django,itskills,html5,api,jquery

",https://www.timesjobs.com/job-detail/python-odoo-axistechnolabs-ahmedabad-0-to-1-yrs-jobid-HzL8naalyxFzpSvf__PLUS__uAgZw==&source=srp
,,
"
innefulabspvt.ltd.

","
python,database,django,neo4j,mining,webcrawling

",https://www.timesjobs.com/job-detail/python-developer-innefu-labs-pvt-ltd-delhi-delhi-ncr-4-to-5-yrs-jobid-FxKbGzMsPBFzpSvf__PLUS__uAgZw==&source=srp
,,
"
CONNECTING2WORK

","
python,storage,django,testingtools,debugging

",https://www.timesjobs.com/job-detail/python-developer-connecting-2-work-thiruvananthapuram-5-to-10-yrs-jobid-Tebue__SLASH__8iTzVzpSvf__PLUS__uAgZw==&source=srp
,,
"
GSLAB

","
python,fastapi,aws,restapi,docker,database,sql,nosql

",https://www.timesjobs.com/job-detail/python-developer-gs-lab-pune-3-to-6-yrs-jobid-PWjveL4FP9FzpSvf__PLUS__uAgZw==&source=srp
